filename,status,row_count,reason,processed_at
sms-call-internet-mi-2013-11-01-invalid.csv,REJECTED,0,SCHEMA_VALIDATION_FAILED: missing required columns: internet,2026-08-31T16:35:39.454946+00:00
sms-call-internet-mi-2013-11-01.csv,ACCEPTED,1891928,quality_valid,2026-08-31T16:36:02.334883+00:00
sms-call-internet-mi-2013-11-01-invalid.csv,SKIPPED,0,Already processed; existing file: /mnt/d/Network Operations Predictive System/data/rejected/sms-call-internet-mi-2013-11-01-invalid.csv,2026-08-31T16:39:14.221117+00:00
sms-call-internet-mi-2013-11-01.csv,SKIPPED,1891928,Already processed; existing file: /mnt/d/Network Operations Predictive System/data/raw/sms-call-internet-mi-2013-11-01.csv,2026-08-31T16:39:33.675973+00:00
sms-call-internet-mi-2013-11-01-invalid.csv,SKIPPED,0,Already processed; existing file: /mnt/d/Network Operations Predictive System/data/rejected/sms-call-internet-mi-2013-11-01-invalid.csv,2026-09-01T04:54:00.913705+00:00
sms-call-internet-mi-2013-11-01.csv,SKIPPED,1891928,Already processed; existing file: /mnt/d/Network Operations Predictive System/data/raw/sms-call-internet-mi-2013-11-01.csv,2026-09-01T04:54:56.182936+00:00
sms-call-internet-mi-2013-11-01-invalid.csv,SKIPPED,0,Already processed; existing file: /mnt/d/Network Operations Predictive System/data/rejected/sms-call-internet-mi-2013-11-01-invalid.csv,2026-09-01T04:56:03.977915+00:00
sms-call-internet-mi-2013-11-01.csv,SKIPPED,1891928,Already processed; existing file: /mnt/d/Network Operations Predictive System/data/raw/sms-call-internet-mi-2013-11-01.csv,2026-09-01T04:56:57.531423+00:00
sms-call-internet-mi-2013-11-01-invalid.csv,REJECTED,0,SCHEMA_VALIDATION_FAILED: missing required columns: internet,2026-09-01T05:08:49.076316+00:00
sms-call-internet-mi-2013-11-01.csv,ACCEPTED,1891928,quality_valid,2026-09-01T05:09:51.636035+00:00
sms-call-internet-mi-2013-11-01-invalid.csv,SKIPPED,0,Already processed; existing file: /mnt/d/Network Operations Predictive System/data/rejected/sms-call-internet-mi-2013-11-01-invalid.csv,2026-09-01T15:06:51.523565+00:00
sms-call-internet-mi-2013-11-01.csv,SKIPPED,1891928,Already processed; existing file: /mnt/d/Network Operations Predictive System/data/raw/sms-call-internet-mi-2013-11-01.csv,2026-09-01T15:07:13.057873+00:00
sms-call-internet-mi-2013-11-01-invalid.csv,SKIPPED,0,Already processed; existing file: /mnt/d/Network Operations Predictive System/data/rejected/sms-call-internet-mi-2013-11-01-invalid.csv,2026-09-01T15:19:26.551149+00:00
sms-call-internet-mi-2013-11-01.csv,SKIPPED,1891928,Already processed; existing file: /mnt/d/Network Operations Predictive System/data/raw/sms-call-internet-mi-2013-11-01.csv,2026-09-01T15:19:45.856338+00:00
sms-call-internet-mi-2013-11-01-invalid.csv,SKIPPED,0,Already processed; existing file: /mnt/d/Network Operations Predictive System/data/rejected/sms-call-internet-mi-2013-11-01-invalid.csv,2026-09-01T15:47:57.367541+00:00
sms-call-internet-mi-2013-11-01.csv,SKIPPED,1891928,Already processed; existing file: /mnt/d/Network Operations Predictive System/data/raw/sms-call-internet-mi-2013-11-01.csv,2026-09-01T15:48:18.337323+00:00
sms-call-internet-mi-2013-11-01-invalid.csv,SKIPPED,0,Already processed; existing file: /mnt/d/Network Operations Predictive System/data/rejected/sms-call-internet-mi-2013-11-01-invalid.csv,2026-09-01T15:50:10.925731+00:00
sms-call-internet-mi-2013-11-01.csv,SKIPPED,1891928,Already processed; existing file: /mnt/d/Network Operations Predictive System/data/raw/sms-call-internet-mi-2013-11-01.csv,2026-09-01T15:50:33.342984+00:00
sms-call-internet-mi-2013-11-01-invalid.csv,SKIPPED,0,Already processed; existing file: /mnt/d/Network Operations Predictive System/data/rejected/sms-call-internet-mi-2013-11-01-invalid.csv,2026-09-02T08:47:03.458233+00:00
sms-call-internet-mi-2013-11-01.csv,SKIPPED,1891928,Already processed; existing file: /mnt/d/Network Operations Predictive System/data/raw/sms-call-internet-mi-2013-11-01.csv,2026-09-02T08:47:24.392229+00:00
sms-call-internet-mi-2013-11-01-invalid.csv,SKIPPED,0,Already processed; existing file: /mnt/d/Network Operations Predictive System/data/rejected/sms-call-internet-mi-2013-11-01-invalid.csv,2026-09-02T08:47:33.860023+00:00
sms-call-internet-mi-2013-11-01.csv,SKIPPED,1891928,Already processed; existing file: /mnt/d/Network Operations Predictive System/data/raw/sms-call-internet-mi-2013-11-01.csv,2026-09-02T08:47:52.904836+00:00
sms-call-internet-mi-2013-11-01-invalid.csv,SKIPPED,0,Already processed; existing file: /mnt/d/Network Operations Predictive System/data/rejected/sms-call-internet-mi-2013-11-01-invalid.csv,2026-09-02T08:51:03.763216+00:00
sms-call-internet-mi-2013-11-01.csv,SKIPPED,1891928,Already processed; existing file: /mnt/d/Network Operations Predictive System/data/raw/sms-call-internet-mi-2013-11-01.csv,2026-09-02T08:51:24.310318+00:00
sms-call-internet-mi-2013-11-01-invalid.csv,SKIPPED,0,Already processed; existing file: /mnt/d/Network Operations Predictive System/data/rejected/sms-call-internet-mi-2013-11-01-invalid.csv,2026-09-02T15:30:45.898537+00:00
sms-call-internet-mi-2013-11-01.csv,SKIPPED,1891928,Already processed; existing file: /mnt/d/Network Operations Predictive System/data/raw/sms-call-internet-mi-2013-11-01.csv,2026-09-02T15:31:05.573043+00:00
sms-call-internet-mi-2013-11-01-invalid.csv,SKIPPED,0,Already processed; existing file: /mnt/d/Network Operations Predictive System/data/rejected/sms-call-internet-mi-2013-11-01-invalid.csv,2026-09-02T15:54:44.791328+00:00
sms-call-internet-mi-2013-11-01.csv,SKIPPED,1891928,Already processed; existing file: /mnt/d/Network Operations Predictive System/data/raw/sms-call-internet-mi-2013-11-01.csv,2026-09-02T15:55:04.587294+00:00
sms-call-internet-mi-2013-11-01-invalid.csv,SKIPPED,0,Already processed; existing file: /mnt/d/Network Operations Predictive System/data/rejected/sms-call-internet-mi-2013-11-01-invalid.csv,2026-09-02T16:07:48.853379+00:00
sms-call-internet-mi-2013-11-01.csv,SKIPPED,1891928,Already processed; existing file: /mnt/d/Network Operations Predictive System/data/raw/sms-call-internet-mi-2013-11-01.csv,2026-09-02T16:08:43.002332+00:00
sms-call-internet-mi-2013-11-01-invalid.csv,SKIPPED,0,Already processed; existing file: /mnt/d/Network Operations Predictive System/data/rejected/sms-call-internet-mi-2013-11-01-invalid.csv,2026-09-02T16:17:11.790463+00:00
sms-call-internet-mi-2013-11-01.csv,SKIPPED,1891928,Already processed; existing file: /mnt/d/Network Operations Predictive System/data/raw/sms-call-internet-mi-2013-11-01.csv,2026-09-02T16:18:04.978833+00:00
sms-call-internet-mi-2013-11-01-invalid.csv,SKIPPED,0,Already processed; existing file: /mnt/d/Network Operations Predictive System/data/rejected/sms-call-internet-mi-2013-11-01-invalid.csv,2026-09-02T16:58:30.100283+00:00
sms-call-internet-mi-2013-11-01.csv,SKIPPED,1891928,Already processed; existing file: /mnt/d/Network Operations Predictive System/data/raw/sms-call-internet-mi-2013-11-01.csv,2026-09-02T16:59:28.449579+00:00
sms-call-internet-mi-2013-11-01-invalid.csv,SKIPPED,0,Already processed; existing file: /mnt/d/Network Operations Predictive System/data/rejected/sms-call-internet-mi-2013-11-01-invalid.csv,2026-09-03T07:01:57.278026+00:00
sms-call-internet-mi-2013-11-01.csv,SKIPPED,1891928,Already processed; existing file: /mnt/d/Network Operations Predictive System/data/raw/sms-call-internet-mi-2013-11-01.csv,2026-09-03T07:02:45.176941+00:00
sms-call-internet-mi-2013-11-02.csv,ACCEPTED,1847331,quality_valid,2026-09-03T07:03:29.184788+00:00
sms-call-internet-mi-2013-11-03.csv,ACCEPTED,1828063,quality_valid,2026-09-03T07:04:11.995485+00:00
sms-call-internet-mi-2013-11-04.csv,ACCEPTED,2299544,quality_valid,2026-09-03T07:05:06.293061+00:00
sms-call-internet-mi-2013-11-05.csv,ACCEPTED,2397759,quality_valid,2026-09-03T07:05:32.878377+00:00
sms-call-internet-mi-2013-11-06.csv,ACCEPTED,2417156,quality_valid,2026-09-03T07:05:57.078346+00:00
sms-call-internet-mi-2013-11-07.csv,ACCEPTED,2407384,quality_valid,2026-09-03T07:06:21.419617+00:00
sms-call-internet-mi-2013-11-01-invalid.csv,SKIPPED,0,Already processed; existing file: /mnt/d/Network Operations Predictive System/data/rejected/sms-call-internet-mi-2013-11-01-invalid.csv,2026-09-03T17:33:36.893583+00:00
sms-call-internet-mi-2013-11-01.csv,SKIPPED,1891928,Already processed; existing file: /mnt/d/Network Operations Predictive System/data/raw/sms-call-internet-mi-2013-11-01.csv,2026-09-03T17:34:00.040688+00:00
sms-call-internet-mi-2013-11-02.csv,SKIPPED,1847331,Already processed; existing file: /mnt/d/Network Operations Predictive System/data/raw/sms-call-internet-mi-2013-11-02.csv,2026-09-03T17:34:24.542033+00:00
sms-call-internet-mi-2013-11-03.csv,SKIPPED,1828063,Already processed; existing file: /mnt/d/Network Operations Predictive System/data/raw/sms-call-internet-mi-2013-11-03.csv,2026-09-03T17:34:46.586129+00:00
sms-call-internet-mi-2013-11-04.csv,SKIPPED,2299544,Already processed; existing file: /mnt/d/Network Operations Predictive System/data/raw/sms-call-internet-mi-2013-11-04.csv,2026-09-03T17:35:22.902480+00:00
sms-call-internet-mi-2013-11-05.csv,SKIPPED,2397759,Already processed; existing file: /mnt/d/Network Operations Predictive System/data/raw/sms-call-internet-mi-2013-11-05.csv,2026-09-03T17:35:56.974838+00:00
sms-call-internet-mi-2013-11-06.csv,SKIPPED,2417156,Already processed; existing file: /mnt/d/Network Operations Predictive System/data/raw/sms-call-internet-mi-2013-11-06.csv,2026-09-03T17:36:36.173061+00:00
sms-call-internet-mi-2013-11-07.csv,SKIPPED,2407384,Already processed; existing file: /mnt/d/Network Operations Predictive System/data/raw/sms-call-internet-mi-2013-11-07.csv,2026-09-03T17:37:15.901935+00:00
sms-call-internet-mi-2013-11-01-invalid.csv,SKIPPED,0,Already processed; existing file: /mnt/d/Network Operations Predictive System/data/rejected/sms-call-internet-mi-2013-11-01-invalid.csv,2026-09-03T17:43:17.420334+00:00
sms-call-internet-mi-2013-11-01.csv,SKIPPED,1891928,Already processed; existing file: /mnt/d/Network Operations Predictive System/data/raw/sms-call-internet-mi-2013-11-01.csv,2026-09-03T17:43:45.787143+00:00
sms-call-internet-mi-2013-11-02.csv,SKIPPED,1847331,Already processed; existing file: /mnt/d/Network Operations Predictive System/data/raw/sms-call-internet-mi-2013-11-02.csv,2026-09-03T17:44:12.178070+00:00
sms-call-internet-mi-2013-11-03.csv,SKIPPED,1828063,Already processed; existing file: /mnt/d/Network Operations Predictive System/data/raw/sms-call-internet-mi-2013-11-03.csv,2026-09-03T17:44:36.556995+00:00
sms-call-internet-mi-2013-11-04.csv,SKIPPED,2299544,Already processed; existing file: /mnt/d/Network Operations Predictive System/data/raw/sms-call-internet-mi-2013-11-04.csv,2026-09-03T17:45:09.863031+00:00
sms-call-internet-mi-2013-11-05.csv,SKIPPED,2397759,Already processed; existing file: /mnt/d/Network Operations Predictive System/data/raw/sms-call-internet-mi-2013-11-05.csv,2026-09-03T17:45:43.511512+00:00
sms-call-internet-mi-2013-11-06.csv,SKIPPED,2417156,Already processed; existing file: /mnt/d/Network Operations Predictive System/data/raw/sms-call-internet-mi-2013-11-06.csv,2026-09-03T17:46:16.621604+00:00
sms-call-internet-mi-2013-11-07.csv,SKIPPED,2407384,Already processed; existing file: /mnt/d/Network Operations Predictive System/data/raw/sms-call-internet-mi-2013-11-07.csv,2026-09-03T17:46:49.260918+00:00
sms-call-internet-mi-2013-11-01-invalid.csv,SKIPPED,0,Already processed; existing file: /mnt/d/Network Operations Predictive System/data/rejected/sms-call-internet-mi-2013-11-01-invalid.csv,2026-09-03T18:07:28.543294+00:00
sms-call-internet-mi-2013-11-01.csv,SKIPPED,1891928,Already processed; existing file: /mnt/d/Network Operations Predictive System/data/raw/sms-call-internet-mi-2013-11-01.csv,2026-09-03T18:07:59.990531+00:00
sms-call-internet-mi-2013-11-02.csv,SKIPPED,1847331,Already processed; existing file: /mnt/d/Network Operations Predictive System/data/raw/sms-call-internet-mi-2013-11-02.csv,2026-09-03T18:08:26.981857+00:00
sms-call-internet-mi-2013-11-03.csv,SKIPPED,1828063,Already processed; existing file: /mnt/d/Network Operations Predictive System/data/raw/sms-call-internet-mi-2013-11-03.csv,2026-09-03T18:08:54.766474+00:00
sms-call-internet-mi-2013-11-04.csv,SKIPPED,2299544,Already processed; existing file: /mnt/d/Network Operations Predictive System/data/raw/sms-call-internet-mi-2013-11-04.csv,2026-09-03T18:09:32.569152+00:00
sms-call-internet-mi-2013-11-05.csv,SKIPPED,2397759,Already processed; existing file: /mnt/d/Network Operations Predictive System/data/raw/sms-call-internet-mi-2013-11-05.csv,2026-09-03T18:10:16.354118+00:00
sms-call-internet-mi-2013-11-06.csv,SKIPPED,2417156,Already processed; existing file: /mnt/d/Network Operations Predictive System/data/raw/sms-call-internet-mi-2013-11-06.csv,2026-09-03T18:11:01.140218+00:00
sms-call-internet-mi-2013-11-07.csv,SKIPPED,2407384,Already processed; existing file: /mnt/d/Network Operations Predictive System/data/raw/sms-call-internet-mi-2013-11-07.csv,2026-09-03T18:11:44.224532+00:00
sms-call-internet-mi-2013-11-01-invalid.csv,SKIPPED,0,Already processed; existing file: /mnt/d/Network Operations Predictive System/data/rejected/sms-call-internet-mi-2013-11-01-invalid.csv,2026-09-03T18:16:32.410324+00:00
sms-call-internet-mi-2013-11-01.csv,SKIPPED,1891928,Already processed; existing file: /mnt/d/Network Operations Predictive System/data/raw/sms-call-internet-mi-2013-11-01.csv,2026-09-03T18:17:28.103323+00:00
sms-call-internet-mi-2013-11-02.csv,SKIPPED,1847331,Already processed; existing file: /mnt/d/Network Operations Predictive System/data/raw/sms-call-internet-mi-2013-11-02.csv,2026-09-03T18:18:18.286639+00:00
sms-call-internet-mi-2013-11-03.csv,SKIPPED,1828063,Already processed; existing file: /mnt/d/Network Operations Predictive System/data/raw/sms-call-internet-mi-2013-11-03.csv,2026-09-03T18:19:12.134746+00:00
sms-call-internet-mi-2013-11-04.csv,SKIPPED,2299544,Already processed; existing file: /mnt/d/Network Operations Predictive System/data/raw/sms-call-internet-mi-2013-11-04.csv,2026-09-03T18:20:23.392444+00:00
sms-call-internet-mi-2013-11-05.csv,SKIPPED,2397759,Already processed; existing file: /mnt/d/Network Operations Predictive System/data/raw/sms-call-internet-mi-2013-11-05.csv,2026-09-03T18:21:36.355229+00:00
sms-call-internet-mi-2013-11-06.csv,SKIPPED,2417156,Already processed; existing file: /mnt/d/Network Operations Predictive System/data/raw/sms-call-internet-mi-2013-11-06.csv,2026-09-03T18:22:48.634819+00:00
sms-call-internet-mi-2013-11-07.csv,SKIPPED,2407384,Already processed; existing file: /mnt/d/Network Operations Predictive System/data/raw/sms-call-internet-mi-2013-11-07.csv,2026-09-03T18:24:03.146949+00:00
sms-call-internet-mi-2013-11-01-invalid.csv,SKIPPED,0,Already processed; existing file: /mnt/d/Network Operations Predictive System/data/rejected/sms-call-internet-mi-2013-11-01-invalid.csv,2026-09-04T02:06:37.979774+00:00
sms-call-internet-mi-2013-11-01.csv,SKIPPED,1891928,Already processed; existing file: /mnt/d/Network Operations Predictive System/data/raw/sms-call-internet-mi-2013-11-01.csv,2026-09-04T02:07:49.140746+00:00
sms-call-internet-mi-2013-11-02.csv,SKIPPED,1847331,Already processed; existing file: /mnt/d/Network Operations Predictive System/data/raw/sms-call-internet-mi-2013-11-02.csv,2026-09-04T02:08:47.928585+00:00
sms-call-internet-mi-2013-11-03.csv,SKIPPED,1828063,Already processed; existing file: /mnt/d/Network Operations Predictive System/data/raw/sms-call-internet-mi-2013-11-03.csv,2026-09-04T02:09:18.673302+00:00
sms-call-internet-mi-2013-11-04.csv,SKIPPED,2299544,Already processed; existing file: /mnt/d/Network Operations Predictive System/data/raw/sms-call-internet-mi-2013-11-04.csv,2026-09-04T02:09:54.107650+00:00
sms-call-internet-mi-2013-11-05.csv,SKIPPED,2397759,Already processed; existing file: /mnt/d/Network Operations Predictive System/data/raw/sms-call-internet-mi-2013-11-05.csv,2026-09-04T02:10:35.056198+00:00
sms-call-internet-mi-2013-11-06.csv,SKIPPED,2417156,Already processed; existing file: /mnt/d/Network Operations Predictive System/data/raw/sms-call-internet-mi-2013-11-06.csv,2026-09-04T02:11:13.309124+00:00
sms-call-internet-mi-2013-11-07.csv,SKIPPED,2407384,Already processed; existing file: /mnt/d/Network Operations Predictive System/data/raw/sms-call-internet-mi-2013-11-07.csv,2026-09-04T02:11:49.421759+00:00
sms-call-internet-mi-2013-11-01-invalid.csv,SKIPPED,0,Already processed; existing file: /mnt/d/Network Operations Predictive System/data/rejected/sms-call-internet-mi-2013-11-01-invalid.csv,2026-09-14T05:35:49.995321+00:00
sms-call-internet-mi-2013-11-01.csv,SKIPPED,1891928,Already processed; existing file: /mnt/d/Network Operations Predictive System/data/raw/sms-call-internet-mi-2013-11-01.csv,2026-09-14T05:36:48.098713+00:00
sms-call-internet-mi-2013-11-02.csv,SKIPPED,1847331,Already processed; existing file: /mnt/d/Network Operations Predictive System/data/raw/sms-call-internet-mi-2013-11-02.csv,2026-09-14T05:37:44.002577+00:00
sms-call-internet-mi-2013-11-03.csv,SKIPPED,1828063,Already processed; existing file: /mnt/d/Network Operations Predictive System/data/raw/sms-call-internet-mi-2013-11-03.csv,2026-09-14T05:38:40.639722+00:00
sms-call-internet-mi-2013-11-04.csv,SKIPPED,2299544,Already processed; existing file: /mnt/d/Network Operations Predictive System/data/raw/sms-call-internet-mi-2013-11-04.csv,2026-09-14T05:39:51.206289+00:00
sms-call-internet-mi-2013-11-05.csv,SKIPPED,2397759,Already processed; existing file: /mnt/d/Network Operations Predictive System/data/raw/sms-call-internet-mi-2013-11-05.csv,2026-09-14T05:40:56.643947+00:00
sms-call-internet-mi-2013-11-06.csv,SKIPPED,2417156,Already processed; existing file: /mnt/d/Network Operations Predictive System/data/raw/sms-call-internet-mi-2013-11-06.csv,2026-09-14T05:41:54.757416+00:00
sms-call-internet-mi-2013-11-07.csv,SKIPPED,2407384,Already processed; existing file: /mnt/d/Network Operations Predictive System/data/raw/sms-call-internet-mi-2013-11-07.csv,2026-09-14T05:42:52.969361+00:00
sms-call-internet-mi-2013-11-01-invalid.csv,SKIPPED,0,Already processed; existing file: /mnt/d/Network Operations Predictive System/data/rejected/sms-call-internet-mi-2013-11-01-invalid.csv,2026-09-14T06:32:03.427626+00:00
sms-call-internet-mi-2013-11-01.csv,SKIPPED,1891928,Already processed; existing file: /mnt/d/Network Operations Predictive System/data/raw/sms-call-internet-mi-2013-11-01.csv,2026-09-14T06:33:01.695491+00:00
sms-call-internet-mi-2013-11-02.csv,SKIPPED,1847331,Already processed; existing file: /mnt/d/Network Operations Predictive System/data/raw/sms-call-internet-mi-2013-11-02.csv,2026-09-14T06:33:59.664491+00:00
sms-call-internet-mi-2013-11-03.csv,SKIPPED,1828063,Already processed; existing file: /mnt/d/Network Operations Predictive System/data/raw/sms-call-internet-mi-2013-11-03.csv,2026-09-14T06:34:55.726506+00:00
sms-call-internet-mi-2013-11-04.csv,SKIPPED,2299544,Already processed; existing file: /mnt/d/Network Operations Predictive System/data/raw/sms-call-internet-mi-2013-11-04.csv,2026-09-14T06:36:07.052051+00:00
sms-call-internet-mi-2013-11-05.csv,SKIPPED,2397759,Already processed; existing file: /mnt/d/Network Operations Predictive System/data/raw/sms-call-internet-mi-2013-11-05.csv,2026-09-14T06:37:10.999855+00:00
sms-call-internet-mi-2013-11-06.csv,SKIPPED,2417156,Already processed; existing file: /mnt/d/Network Operations Predictive System/data/raw/sms-call-internet-mi-2013-11-06.csv,2026-09-14T06:38:08.692878+00:00
sms-call-internet-mi-2013-11-07.csv,SKIPPED,2407384,Already processed; existing file: /mnt/d/Network Operations Predictive System/data/raw/sms-call-internet-mi-2013-11-07.csv,2026-09-14T06:39:05.689741+00:00
sms-call-internet-mi-2013-11-01-invalid.csv,SKIPPED,0,Already processed; existing file: /mnt/d/Network Operations Predictive System/data/rejected/sms-call-internet-mi-2013-11-01-invalid.csv,2026-09-14T06:45:13.691609+00:00
sms-call-internet-mi-2013-11-01.csv,SKIPPED,1891928,Already processed; existing file: /mnt/d/Network Operations Predictive System/data/raw/sms-call-internet-mi-2013-11-01.csv,2026-09-14T06:46:13.017795+00:00
sms-call-internet-mi-2013-11-02.csv,SKIPPED,1847331,Already processed; existing file: /mnt/d/Network Operations Predictive System/data/raw/sms-call-internet-mi-2013-11-02.csv,2026-09-14T06:47:14.820906+00:00
sms-call-internet-mi-2013-11-01-invalid.csv,SKIPPED,0,Already processed; existing file: /mnt/d/Network Operations Predictive System/data/rejected/sms-call-internet-mi-2013-11-01-invalid.csv,2026-09-14T06:58:56.079012+00:00
sms-call-internet-mi-2013-11-01.csv,SKIPPED,1891928,Already processed; existing file: /mnt/d/Network Operations Predictive System/data/raw/sms-call-internet-mi-2013-11-01.csv,2026-09-14T06:59:57.033260+00:00
sms-call-internet-mi-2013-11-02.csv,SKIPPED,1847331,Already processed; existing file: /mnt/d/Network Operations Predictive System/data/raw/sms-call-internet-mi-2013-11-02.csv,2026-09-14T07:00:59.309246+00:00
sms-call-internet-mi-2013-11-03.csv,SKIPPED,1828063,Already processed; existing file: /mnt/d/Network Operations Predictive System/data/raw/sms-call-internet-mi-2013-11-03.csv,2026-09-14T07:02:01.064296+00:00
sms-call-internet-mi-2013-11-04.csv,SKIPPED,2299544,Already processed; existing file: /mnt/d/Network Operations Predictive System/data/raw/sms-call-internet-mi-2013-11-04.csv,2026-09-14T07:03:17.322375+00:00
sms-call-internet-mi-2013-11-05.csv,SKIPPED,2397759,Already processed; existing file: /mnt/d/Network Operations Predictive System/data/raw/sms-call-internet-mi-2013-11-05.csv,2026-09-14T07:04:36.731349+00:00
sms-call-internet-mi-2013-11-06.csv,SKIPPED,2417156,Already processed; existing file: /mnt/d/Network Operations Predictive System/data/raw/sms-call-internet-mi-2013-11-06.csv,2026-09-14T07:05:56.543564+00:00
sms-call-internet-mi-2013-11-07.csv,SKIPPED,2407384,Already processed; existing file: /mnt/d/Network Operations Predictive System/data/raw/sms-call-internet-mi-2013-11-07.csv,2026-09-14T07:07:11.682656+00:00
sms-call-internet-mi-2013-11-01-invalid.csv,SKIPPED,0,Already processed; existing file: /mnt/d/Network Operations Predictive System/data/rejected/sms-call-internet-mi-2013-11-01-invalid.csv,2026-09-14T10:12:15.727648+00:00
sms-call-internet-mi-2013-11-01.csv,SKIPPED,1891928,Already processed; existing file: /mnt/d/Network Operations Predictive System/data/raw/sms-call-internet-mi-2013-11-01.csv,2026-09-14T10:12:39.802485+00:00
sms-call-internet-mi-2013-11-02.csv,SKIPPED,1847331,Already processed; existing file: /mnt/d/Network Operations Predictive System/data/raw/sms-call-internet-mi-2013-11-02.csv,2026-09-14T10:13:03.008122+00:00
sms-call-internet-mi-2013-11-03.csv,SKIPPED,1828063,Already processed; existing file: /mnt/d/Network Operations Predictive System/data/raw/sms-call-internet-mi-2013-11-03.csv,2026-09-14T10:13:27.618317+00:00
sms-call-internet-mi-2013-11-04.csv,SKIPPED,2299544,Already processed; existing file: /mnt/d/Network Operations Predictive System/data/raw/sms-call-internet-mi-2013-11-04.csv,2026-09-14T10:14:07.036856+00:00
sms-call-internet-mi-2013-11-05.csv,SKIPPED,2397759,Already processed; existing file: /mnt/d/Network Operations Predictive System/data/raw/sms-call-internet-mi-2013-11-05.csv,2026-09-14T10:14:46.913249+00:00
sms-call-internet-mi-2013-11-06.csv,SKIPPED,2417156,Already processed; existing file: /mnt/d/Network Operations Predictive System/data/raw/sms-call-internet-mi-2013-11-06.csv,2026-09-14T10:15:26.570927+00:00
sms-call-internet-mi-2013-11-07.csv,SKIPPED,2407384,Already processed; existing file: /mnt/d/Network Operations Predictive System/data/raw/sms-call-internet-mi-2013-11-07.csv,2026-09-14T10:16:05.815128+00:00
sms-call-internet-mi-2013-11-01-invalid.csv,SKIPPED,0,Already processed; existing file: /mnt/d/Network Operations Predictive System/data/rejected/sms-call-internet-mi-2013-11-01-invalid.csv,2026-09-14T10:56:42.654447+00:00
sms-call-internet-mi-2013-11-01.csv,SKIPPED,1891928,Already processed; existing file: /mnt/d/Network Operations Predictive System/data/raw/sms-call-internet-mi-2013-11-01.csv,2026-09-14T10:57:07.560014+00:00
sms-call-internet-mi-2013-11-02.csv,SKIPPED,1847331,Already processed; existing file: /mnt/d/Network Operations Predictive System/data/raw/sms-call-internet-mi-2013-11-02.csv,2026-09-14T10:57:31.425898+00:00
sms-call-internet-mi-2013-11-03.csv,SKIPPED,1828063,Already processed; existing file: /mnt/d/Network Operations Predictive System/data/raw/sms-call-internet-mi-2013-11-03.csv,2026-09-14T10:57:55.371736+00:00
sms-call-internet-mi-2013-11-04.csv,SKIPPED,2299544,Already processed; existing file: /mnt/d/Network Operations Predictive System/data/raw/sms-call-internet-mi-2013-11-04.csv,2026-09-14T10:58:24.458545+00:00
sms-call-internet-mi-2013-11-05.csv,SKIPPED,2397759,Already processed; existing file: /mnt/d/Network Operations Predictive System/data/raw/sms-call-internet-mi-2013-11-05.csv,2026-09-14T10:58:56.264434+00:00
sms-call-internet-mi-2013-11-06.csv,SKIPPED,2417156,Already processed; existing file: /mnt/d/Network Operations Predictive System/data/raw/sms-call-internet-mi-2013-11-06.csv,2026-09-14T10:59:27.420578+00:00
sms-call-internet-mi-2013-11-07.csv,SKIPPED,2407384,Already processed; existing file: /mnt/d/Network Operations Predictive System/data/raw/sms-call-internet-mi-2013-11-07.csv,2026-09-14T11:00:01.092404+00:00
